{"cameraMode":{"drawMode":0,"name":"Shaded","section":"Shading Mode"},"sceneLighting":false,"audioPlay":false,"sceneViewState":{"showFog":true,"showMaterialUpdate":false,"showSkybox":true,"showFlares":true,"showImageEffects":true,"showParticleSystems":true},"in2DMode":false,"pivot":{"x":-5.333528995513916,"y":-0.4121246337890625,"z":-1.8250436782836915},"rotation":{"x":0.4448668956756592,"y":0.11657015234231949,"z":-0.05852759629487991,"w":0.8860488533973694},"size":25.78333282470703,"orthographic":false}